{
  "dataset": "dataset\\reference_training_dataset_5000.csv",
  "clean_dataset": "dataset\\reference_training_dataset_5000_clean.csv",
  "rows": 5000,
  "features": [
    "url_length",
    "num_dots",
    "num_hyphen",
    "num_slashes",
    "https",
    "subdomains",
    "has_at_symbol",
    "has_double_slash",
    "has_ip",
    "num_underscores",
    "num_percent",
    "num_digits",
    "num_query_params",
    "has_query",
    "path_depth",
    "suspicious_tld",
    "brand_in_url",
    "is_shortened",
    "suspicious_word_count",
    "url_entropy",
    "hostname_length",
    "digit_letter_ratio",
    "num_special_chars",
    "tld_in_path",
    "longest_digit_run",
    "uses_free_hosting",
    "brand_on_free_hosting",
    "brand_domain_mismatch",
    "text_length",
    "token_count",
    "scam_keyword_count",
    "scam_keyword_density",
    "exclamation_count",
    "caps_ratio",
    "avg_word_length"
  ],
  "best_model": "extra_trees",
  "calibrated": true,
  "cv_results": [
    {
      "model": "extra_trees",
      "accuracy_mean": 0.9550000000000001,
      "accuracy_std": 0.010636023693091311,
      "precision_mean": 0.9609688074511323,
      "precision_std": 0.006710842544125738,
      "recall_mean": 0.9484999999999999,
      "recall_std": 0.017291616465790565,
      "f1_mean": 0.9546375806069711,
      "f1_std": 0.011019285454740482,
      "roc_auc_mean": 0.990865625,
      "roc_auc_std": 0.0024968628754398967
    },
    {
      "model": "random_forest",
      "accuracy_mean": 0.954,
      "accuracy_std": 0.006864765108872972,
      "precision_mean": 0.9577355057516777,
      "precision_std": 0.008099354541976581,
      "recall_mean": 0.95,
      "recall_std": 0.011937336386313323,
      "f1_mean": 0.9537944182336707,
      "f1_std": 0.0070475646567106235,
      "roc_auc_mean": 0.990224375,
      "roc_auc_std": 0.0026271385633898406
    },
    {
      "model": "gradient_boosting",
      "accuracy_mean": 0.95325,
      "accuracy_std": 0.007810249675906673,
      "precision_mean": 0.960498868960997,
      "precision_std": 0.008569921160195153,
      "recall_mean": 0.9455,
      "recall_std": 0.01599999999999997,
      "f1_mean": 0.9528351688011988,
      "f1_std": 0.008200546105489549,
      "roc_auc_mean": 0.9898106250000002,
      "roc_auc_std": 0.003134618696907147
    },
    {
      "model": "svc_rbf",
      "accuracy_mean": 0.9460000000000001,
      "accuracy_std": 0.008817596044274211,
      "precision_mean": 0.9588883779467098,
      "precision_std": 0.00968948082506737,
      "recall_mean": 0.932,
      "recall_std": 0.010885770528538605,
      "f1_mean": 0.945224985287827,
      "f1_std": 0.008965091571441111,
      "roc_auc_mean": 0.987158125,
      "roc_auc_std": 0.004088736720400327
    },
    {
      "model": "logistic_regression",
      "accuracy_mean": 0.9342500000000001,
      "accuracy_std": 0.010594810050208524,
      "precision_mean": 0.9433313313740654,
      "precision_std": 0.00990013328768016,
      "recall_mean": 0.924,
      "recall_std": 0.012708265027138822,
      "f1_mean": 0.9335507176397616,
      "f1_std": 0.010808370205451851,
      "roc_auc_mean": 0.9842056250000001,
      "roc_auc_std": 0.004788769169238597
    }
  ],
  "holdout_metrics": {
    "accuracy": 0.967,
    "precision": 0.973630831643002,
    "recall": 0.96,
    "f1": 0.9667673716012085,
    "roc_auc": 0.994098
  }
}